Workbook

Sheet Trades
A1: Date | B1: Index | C1: Entry | D1: Exit | E1: Qty | F1: P&L

Sheet Analytics
A1: Total Trades | B1: =COUNTA(Trades!A2:A1000)
A2: Wins | B2: =COUNTIF(Trades!F2:F1000,">0")
A3: Losses | B3: =COUNTIF(Trades!F2:F1000,"<0")
A4: Win Ratio | B4: =B2/B1
A5: Total Profit | B5: =SUM(Trades!F2:F1000)
A6: CAGR (Approx) | B6: =POWER((1+B5/100000),1/1)-1

Sheet Equity
A1: Step | B1: Equity
A2: 1 | B2: =100000+SUM(Trades!F$2:F2)
A3: 2 | B3: =100000+SUM(Trades!F$2:F3)
A4: 3 | B4: =100000+SUM(Trades!F$2:F4)
A5: 4 | B5: =100000+SUM(Trades!F$2:F5)
A6: 5 | B6: =100000+SUM(Trades!F$2:F6)
A7: 6 | B7: =100000+SUM(Trades!F$2:F7)
A8: 7 | B8: =100000+SUM(Trades!F$2:F8)
A9: 8 | B9: =100000+SUM(Trades!F$2:F9)
A10: 9 | B10: =100000+SUM(Trades!F$2:F10)
A11: 10 | B11: =100000+SUM(Trades!F$2:F11)
A12: 11 | B12: =100000+SUM(Trades!F$2:F12)
A13: 12 | B13: =100000+SUM(Trades!F$2:F13)
... A101: 100 | B101: =100000+SUM(Trades!F$2:F101)

Sheet Dashboard
A1: TRADING DASHBOARD
A3: Total Trades | B3: =Analytics!B1
A4: Win Ratio | B4: =Analytics!B4
A5: Total Profit | B5: =Analytics!B5
A6: CAGR | B6: =Analytics!B6
